Period,Annual Run Rate,New ARR,Expansion ARR,Churn ARR,Net New ARR,GM%,CAC (£),EBITDA Margin %,Pipeline Coverage (x),Close Rate,NPS,FTE,Runway (months)
2025-07,2334.337559814967,74.06885823601397,29.69046539774165,19.42176381878902,84.3375598149666,77.61623012517092,8057.914027618352,16.17378777865715,3.596675905991918,34.886671642621394,45.723149312768946,15,10.39766991765595
2025-08,2438.3800900793126,101.01948143668764,26.370919874729218,23.34787104707126,104.0425302643456,65.95492141706754,10554.417752651696,5.817427438268553,3.8615096306201533,21.516756878579166,57.111548250741464,16,18.481235224177006
2025-09,2509.3608719777753,51.74598998645673,42.92434219755779,23.689550285551935,70.98078189846258,65.96050708409129,9908.273634300751,-1.6412913354100112,2.9525531257674773,34.399763288829334,49.45852241681539,16,15.620904439345203
2025-10,2547.1277380757424,44.285787258512755,29.490023885870094,36.00894504641584,37.76686609796702,72.76709903030464,5096.495035006064,15.656996225284516,2.7941857373392778,30.97771938696828,44.011642695894,16,19.327561000895233
2025-11,2588.0331491827405,49.5522500279291,13.103253070371872,21.750091991302863,40.9054111069981,69.84435069196888,12494.463024117933,1.0932821587773733,2.7645519644778296,35.63714083252375,37.86194466977498,17,22.669506831946894
2025-12,2703.1899699531673,100.88666899309288,45.489797327629475,31.219645550295482,115.15682077042688,73.65157270208447,7081.399567570784,3.3630541191400165,3.2189375856064855,39.8155220273736,32.699665562331184,18,20.00481963958852
